seed,sample,ranking_score
1,0,0.8414673485750718
1,1,0.8273890458919878
1,2,0.8294605605382612
1,3,0.8497806356788631
1,4,0.8191541734412002
